Datetime,Open,High,Low,Close,Volume,Manual_Support,vol_ma5,min10,shadow_low,shadow_recover,range_pct,max5,is_high_altitude,is_local_top,AI_Support,Support_Level_ID,Segment_ID,Segment_Center,Segment_Start,Segment_End
2019-12-30,45.96219791759268,45.96219791759268,45.39034882187843,45.890716552734375,15441932,0,,45.39034882187843,0.9999999982512869,0.8749995999486095,0.012598473255751143,,False,False,0,,,,,
2020-01-06,44.60406341632535,45.81923291688554,43.96073450360979,45.74775314331055,47011992,0,,43.96073450360979,0.3461552120647164,0.9615389639152057,0.042276327595956384,,False,False,0,,,,,
2020-01-13,45.74775316706173,46.60552211056929,45.03294452382639,46.46256256103516,34968653,0,,43.96073450360979,0.4545458671208066,0.9090922116349668,0.03492060320141735,,False,True,0,,,,,
2020-01-20,46.46256256103516,46.53404233580222,46.319603011501016,46.46256256103516,3718133,0,,43.96073450360979,0.6666666635578394,0.6666666635578394,0.004629558768958557,,False,False,0,,,,,
2020-01-27,45.3903488156789,45.3903488156789,43.81776925623667,44.31814193725586,35274616,0,27283065.2,43.81776925623667,0.9999999993641021,0.31818592432835424,0.03588908303866947,46.60552211056929,False,False,0,,,,,
2020-02-03,42.88852005850285,45.5333137512207,42.67407800356607,45.5333137512207,44736776,0,33142034.0,42.67407800356607,0.07499978098611758,0.9999999996502562,0.0670016994239148,46.60552211056929,False,False,1,4.0,1.0,42.85277942173546,2020-02-03,2020-03-02
2020-02-10,44.88998372968118,46.46256634217409,44.46109962031267,45.74775314331055,30714895,0,29882614.6,42.67407800356607,0.21428490639871575,0.6428553162045058,0.045016131830037,46.60552211056929,True,False,1,5.0,1.0,44.46109962031267,2020-02-10,2020-02-10
2020-02-17,45.032946029589816,45.60479241794316,44.389618646230346,45.0329475402832,28192765,0,28527437.0,42.67407800356607,0.5294118403520793,0.5294130835433177,0.02737517934925158,46.53404233580222,False,False,0,,,,,
2020-02-24,44.3181388491676,45.10442618746008,44.3181388491676,44.31814193725586,26753702,0,33134550.8,42.67407800356607,0.0,3.927429709091902e-06,0.017741885347459737,46.46256634217409,False,False,0,,,,,
2020-03-02,43.031480839904845,44.81850589918852,43.031480839904845,44.175174713134766,42436533,0,34566934.2,42.67407800356607,0.0,0.6399987882925197,0.04152831890426065,46.46256634217409,False,False,1,4.0,1.0,42.85277942173546,2020-02-03,2020-03-02
2020-03-09,43.38888435989155,44.03221049043205,38.9570737645385,43.3174057006836,59689593,0,37557497.6,38.9570737645385,0.8732396453219743,0.8591555598964178,0.13027510116488847,46.46256634217409,False,False,1,3.0,1.0,38.9570737645385,2020-03-09,2020-03-09
2020-03-16,42.88852209505307,43.102964160172576,36.2408034468868,39.17151641845703,78595721,0,47133662.8,36.2408034468868,0.9687500664807985,0.4270831147205598,0.18934902266042083,45.60479241794316,False,False,1,1.0,1.0,36.2408034468868,2020-03-16,2020-03-16
2020-03-23,37.17005007116659,43.96073732394174,37.17005007116659,43.03148651123047,44818252,0,50458760.2,36.2408034468868,0.0,0.8631580605932522,0.18269244296391476,45.10442618746008,False,False,1,2.0,1.0,37.17005007116659,2020-03-23,2020-03-23
2020-03-30,42.245188159881074,44.31814169242907,41.88778385150043,42.674076080322266,22328718,0,49573763.4,36.2408034468868,0.14705830648256366,0.3235294059404285,0.0580206832972274,44.81850589918852,False,False,0,,,,,
2020-04-06,45.67627530743354,46.10515864357018,43.96073266014831,44.175174713134766,49867706,0,51059998.0,36.2408034468868,0.8000008672473433,0.09999974564021576,0.04878048780376841,46.10515864357018,False,True,0,,,,,
2020-04-13,44.31813810239091,45.74775508404088,44.103696044025405,44.889984130859375,51025070,0,49327093.4,36.2408034468868,0.13043452395301625,0.47826024930850874,0.037277126124238204,46.10515864357018,False,True,0,,,,,
2020-04-20,44.818505497147285,45.24738962128546,44.10369339918283,44.60406112670898,31687188,0,39945386.8,36.2408034468868,0.6250017124523746,0.43750055077452815,0.02593198287783048,46.10515864357018,False,False,0,,,,,
2020-04-27,45.1759075277776,46.39108276367188,44.318136596679686,46.39108276367188,45906690,0,40163074.4,36.2408034468868,0.4137931531182659,0.9999999995175948,0.046774217648418166,46.39108276367188,True,True,0,,,,,
2020-05-04,45.74775314331055,47.320330742305615,45.03294450044632,46.39108276367188,46029529,0,44903236.6,36.2408034468868,0.31250019322084277,0.5937511723109136,0.05079361936428188,47.320330742305615,True,True,0,,,,,
2020-05-11,47.034412405506,47.46329651440624,46.03367850351343,46.60552215576172,52538041,0,45437303.6,36.2408034468868,0.7000009049043853,0.3999975150643011,0.031055915089484784,47.46329651440624,True,True,0,,,,,
2020-05-18,46.60552510266854,50.03660665838502,46.60552510266854,49.10735321044922,70126989,0,49257687.4,36.2408034468868,0.0,0.7291660272205572,0.07361963089321368,50.03660665838502,True,True,0,,,,,
2020-05-25,49.67920458144036,50.10808871013696,48.32106696260314,50.0366096496582,63102647,0,55540779.2,37.17005007116659,0.7600006099262732,0.9600010119980891,0.03698224935471434,50.10808871013696,True,True,0,,,,,
2020-06-01,50.10808558706714,51.46622848510742,49.67920148510145,51.46622848510742,53893201,0,57138081.4,41.88778385150043,0.23999866914392123,0.9999999994404113,0.035971330990614246,51.46622848510742,True,True,0,,,,,
2020-06-08,50.0366065445978,51.03734289828334,48.249582633878425,48.46402740478516,71250624,0,62182300.4,43.96073266014831,0.6410249593179475,0.07692367725012761,0.05777791458841996,51.46622848510742,False,True,0,,,,,
2020-06-15,48.03514095057331,51.18030018487727,47.67773661179357,49.75068283081055,50585905,0,61791873.2,44.10369339918283,0.10204078561892702,0.5918368575392035,0.07346329381214461,51.46622848510742,False,True,1,6.0,1.0,47.67773661179357,2020-06-15,2020-06-15
2020-06-22,50.10808942987476,51.03734362953511,49.82216485545089,50.67993927001953,21326180,0,52031711.4,44.10369339918283,0.2352942466461784,0.705883308823586,0.024390324619281895,51.46622848510742,True,False,1,7.0,1.0,49.82216485545089,2020-06-22,2020-06-22
2020-06-29,50.10809011337153,53.03879923863428,49.96513055098839,52.89583969116211,45486774,0,48508536.8,44.318136596679686,0.04651105140616874,0.9534889531196823,0.06151627452364524,53.03879923863428,True,True,0,,,,,
2020-07-06,53.11029122416586,56.25544212787404,53.038805987776186,55.04026794433594,66648840,0,51059664.6,45.03294450044632,0.022223600449032592,0.6222220570700427,0.06064684300733587,56.25544212787404,False,True,0,,,,,
2020-07-13,55.25471342552221,57.041739077644586,54.75434186583152,55.75508117675781,36376128,0,44084765.4,46.03367850351343,0.21875149488152484,0.43750132478983494,0.04177563155404667,57.041739077644586,False,True,1,9.0,1.0,54.669990137430325,2020-07-13,2020-10-12
2020-07-20,56.18395841632538,59.18615648648546,55.969519094921374,57.11321258544922,60395605,0,46046705.4,46.60552510266854,0.06666568071978776,0.35555561630034094,0.057471235120876506,59.18615648648546,False,True,0,,,,,
2020-07-27,57.04172897338867,59.18616029642161,56.39840550856185,58.47135162353516,83997153,0,58580900.0,47.67773661179357,0.23076759383487647,0.7435898319526096,0.04942967381209247,59.18616029642161,True,True,0,,,,,
2020-08-03,55.92586450413442,58.32161347688706,54.87772294397222,56.89913940429688,87801489,0,67043843.0,47.67773661179357,0.304348105678818,0.5869572335177615,0.06275571120850154,59.18616029642161,False,False,0,,,,,
2020-08-10,57.12374114990234,61.39117469316648,55.25205674096194,60.64250183105469,75012707,0,68716616.4,47.67773661179357,0.3048783918483603,0.8780487899371615,0.11111112081990784,61.39117469316648,True,True,0,,,,,
2020-08-17,61.540910979969766,63.63720306386101,56.9740033255981,58.32161712646485,87367109,0,78914812.6,47.67773661179357,0.6853925791029737,0.20224724660825305,0.11695158053168123,63.63720306386101,False,True,0,,,,,
2020-08-24,58.62108983335044,59.893830848314416,57.12373779657696,57.79753875732422,64945411,0,79824773.8,49.82216485545089,0.5405421436271854,0.24324127309781013,0.0484928535585946,63.63720306386101,False,False,1,10.0,1.0,57.12373779657696,2020-08-24,2020-08-24
2020-08-31,58.4713509171164,58.99542384504503,56.22533011538312,57.498077392578125,73535687,0,77732480.6,49.96513055098839,0.8108103985335535,0.45946000422551814,0.04926771837404917,63.63720306386101,False,False,0,,,,,
2020-09-07,57.49808132226978,57.49808132226978,54.42852355934337,57.1986083984375,52896928,0,70751568.4,53.038805987776186,0.9999999996742202,0.9024377620933859,0.05639612398310388,63.63720306386101,False,False,1,9.0,1.0,54.669990137430325,2020-07-13,2020-10-12
2020-09-14,57.498076541539625,59.51949460793016,57.04886826687221,58.47134780883789,45524864,0,64853999.8,54.42852355934337,0.18181959247355756,0.5757566483245701,0.04330719286940378,63.63720306386101,False,False,0,,,,,
2020-09-21,58.396482719272086,58.4713488624255,54.20391429409833,54.95258712768555,39585467,0,55297671.4,54.20391429409833,0.9824564049109209,0.1754386204227743,0.07872926934933688,59.893830848314416,False,False,1,9.0,1.0,54.669990137430325,2020-07-13,2020-10-12
2020-09-28,55.177184888964696,56.59967041015625,54.952586468734005,56.59967041015625,21320491,0,46572687.4,54.20391429409833,0.13636124695647936,0.9999999993928663,0.029972819247177793,59.51949460793016,False,False,1,9.0,1.0,54.669990137430325,2020-07-13,2020-10-12
2020-10-05,56.59966603043446,56.74940402682704,55.177186480267885,56.07559967041016,33865693,0,38638688.6,54.20391429409833,0.9047600011683877,0.5714305832148062,0.028493978160573745,59.51949460793016,False,False,1,9.0,1.0,54.669990137430325,2020-07-13,2020-10-12
2020-10-12,56.00073689238755,56.15046919213146,54.50338815630687,54.80284881591797,35636841,0,35186671.2,54.20391429409833,0.9090923291591172,0.1818129484317482,0.03021979167736895,59.51949460793016,False,False,1,9.0,1.0,54.669990137430325,2020-07-13,2020-10-12
2020-10-19,54.95258680891907,55.32692322354124,53.00604159085949,53.67984008789063,38913076,0,33864313.6,53.00604159085949,0.8387093894881926,0.29032006081337974,0.043785228305714276,58.4713488624255,False,False,0,,,,,
2020-10-26,53.97931399896358,54.80285152632312,53.30550885075678,53.90444946289063,29369510,0,31821122.2,53.00604159085949,0.45000063028454756,0.4000023651949367,0.02808982988475851,56.74940402682704,False,False,1,8.0,1.0,53.30550744624685,2020-10-26,2020-11-09
2020-11-02,53.90444686787168,55.326927275989455,53.60497657622158,55.25205993652344,31424753,0,33841974.6,53.00604159085949,0.17391339456846938,0.9565217863481041,0.03212296338358226,56.74940402682704,False,False,1,8.0,1.0,53.30550744624685,2020-10-26,2020-11-09
2020-11-09,55.62639475752509,55.70126089976111,53.00603691176218,53.53010559082031,51994931,0,37467822.2,53.00603691176218,0.9722226636666937,0.19444346043119917,0.05084749105907981,56.15046919213146,False,False,1,8.0,1.0,53.30550744624685,2020-10-26,2020-11-09
2020-11-16,54.877722281772606,57.64781361832822,54.80285042711065,57.27347946166992,72169718,0,44774397.6,53.00603691176218,0.026317336852290343,0.8684221438497711,0.05191268645687586,57.64781361832822,True,True,0,,,,,
2020-11-23,57.94727817702055,58.62109478759692,57.27347148772209,58.1718864440918,40019858,0,44995754.0,53.00603691176218,0.49999631860108784,0.6666662380996893,0.02352962488296507,58.62109478759692,True,True,0,,,,,
2020-11-30,58.24675247976375,59.14515304565429,56.89913507276966,59.1451530456543,51567644,0,49435380.8,53.00603691176218,0.6000029486243603,0.9999999995547707,0.03947367512656687,59.14515304565429,True,True,0,,,,,
2020-12-07,59.89383144718271,62.43931244934215,59.744099153333096,60.71736907958984,57063310,0,54563092.2,53.00603691176218,0.0555548957909115,0.3611105389457688,0.04511262759267119,62.43931244934215,False,True,0,,,,,
2020-12-14,60.64250109308501,60.64250109308501,57.87241694000967,59.070289611816406,48079909,0,53780087.8,53.00603691176218,0.9999999996390001,0.43243187036192704,0.04786536141904928,62.43931244934215,False,True,0,,,,,
2020-12-21,59.0702905238792,59.893823307436094,57.64780739892887,59.74409103393555,28030169,0,44952178.0,53.00603691176218,0.6333361749260381,0.9333342769894278,0.038960994525352864,62.43931244934215,False,False,1,10.0,2.0,57.64780739892887,2020-12-21,2020-12-21
2020-12-28,60.26816050491691,60.79222918106115,59.89382410426525,60.567630767822266,18601511,0,40668508.6,53.00603691176218,0.4166677258437064,0.7500031780876572,0.014999961852776817,62.43931244934215,False,True,1,11.0,1.0,60.15586400220586,2020-12-28,2021-01-25
2021-01-04,60.19330035134481,64.23613937052711,60.04356234904569,63.33772659301758,59275343,0,42210048.4,53.00603691176218,0.035715027176887175,0.7857134708099411,0.0698255875798853,64.23613937052711,True,True,0,,,,,
2021-01-11,63.33772038975288,65.05967226021433,62.58904755840374,63.63719177246094,51631299,0,41123646.2,53.00603691176218,0.3030297683405532,0.4242425864457785,0.03947375456489727,65.05967226021433,False,True,0,,,,,
2021-01-18,63.03825417843866,63.03825417843866,60.04355967108543,61.69065475463867,46520958,0,40811856.0,54.80285042711065,0.9999999996660761,0.5500043757247779,0.049875365879506306,65.05967226021433,False,False,0,,,,,
2021-01-25,61.84038128665926,63.63719023783992,60.41790390014648,60.41790390014648,45258851,0,44257592.4,56.89913507276966,0.44186109493140013,0.0,0.05328364822057906,65.05967226021433,False,False,1,11.0,1.0,60.15586400220586,2020-12-28,2021-01-25
2021-02-01,60.56763887376292,64.46073826105601,60.56763887376292,63.71206283569336,46070814,0,49751453.0,56.89913507276966,0.0,0.8076916739875728,0.06427688877459697,65.05967226021433,False,True,0,,,,,
2021-02-15,65.13453839925148,66.85649239775121,64.46073168721993,66.03294372558594,41830624,0,46262509.2,57.64780739892887,0.28124958756873425,0.6562475253887551,0.03716620410266143,66.85649239775121,True,True,0,,,,,
2021-02-22,66.10781901430835,67.08109035214336,63.48745948835276,63.63719177246094,52743121,0,46484873.6,57.64780739892887,0.7291676926612418,0.04166601683417482,0.056603790617787676,67.08109035214336,False,True,0,,,,,
2021-03-01,64.23613958619129,64.98480611707735,63.26286271301626,64.01153564453125,39707738,0,45122229.6,57.64780739892887,0.5652200126405971,0.4347837038746498,0.02721886633308465,67.08109035214336,False,False,0,,,,,
2021-03-08,64.83506718108787,66.40727775245983,62.73879394572424,66.2575454711914,46681843,0,45406828.0,59.89382410426525,0.5714276919917959,0.9591841506966196,0.05847233547158641,67.08109035214336,True,False,0,,,,,
2021-03-15,65.88321534090133,70.15064865684066,65.73348304534947,66.93135833740234,53816195,0,46955904.2,60.04355967108543,0.0338978224245052,0.2711864116358759,0.0671981067605468,70.15064865684066,False,True,0,,,,,
2021-03-22,67.08108893337035,71.04904984920576,66.85649049642988,70.375244140625,39165708,0,46422921.0,60.04355967108543,0.053570723271500455,0.8392853498963777,0.06270983298079406,71.04904984920576,True,True,0,,,,,
2021-03-29,71.04905694253013,76.36463320985132,71.04905694253013,74.11861419677734,59889554,0,47852207.6,60.04355967108543,0.0,0.5774646245865395,0.07481557808073394,76.36463320985132,False,True,0,,,,,
2021-04-05,74.86728706745185,75.24162350278912,73.07047031912184,73.29507446289062,24170592,0,44744778.4,60.41790390014648,0.8275863541177845,0.10344923856821528,0.029713140946752644,76.36463320985132,False,True,0,,,,,
2021-04-12,73.36994079699599,74.11861366227146,71.12392385800679,73.29507446289062,48017092,0,45011828.2,60.56763887376292,0.7499998614349643,0.7250001656488596,0.04210523888138145,76.36463320985132,False,False,0,,,,,
2021-04-19,72.84586334228516,73.89401175159809,72.47152695452813,73.07047271728516,44527640,0,43154117.2,62.73879394572424,0.26315668769531325,0.4210560025454632,0.01962818857042791,76.36463320985132,False,False,0,,,,,
2021-04-26,73.0704688545595,74.41808395076578,72.54640398051899,73.6694107055664,32631563,0,41847288.2,62.73879394572424,0.2799970518952596,0.5999993280364836,0.025799762187021617,76.36463320985132,False,False,0,,,,,
2021-05-03,72.69613029448158,73.3699369805647,69.10251054256247,71.42339324951172,55461784,0,40961734.2,62.73879394572424,0.8421046743946526,0.5438600383916388,0.06175501301522223,75.24162350278912,False,False,0,,,,,
2021-05-10,71.42339475520039,71.87259734623015,62.88852413227791,67.60516357421875,73404423,0,50808500.4,62.73879394572424,0.9500001189569393,0.5250001117634385,0.14285711642576546,74.41808395076578,False,False,1,13.0,1.0,63.262860410067226,2021-05-10,2021-06-07
2021-05-17,66.18267711224595,68.05436880452632,64.76019931369358,66.4821548461914,63749720,0,53955026.0,62.88852413227791,0.43181682122888254,0.5227282739297677,0.050867191974273654,74.41808395076578,False,False,1,14.0,1.0,64.73524455418048,2021-05-17,2021-05-31
2021-05-24,66.10781991429386,66.48215636746218,64.46072878464872,65.808349609375,84417190,0,61932936.0,62.88852413227791,0.8148157979213219,0.6666678715168054,0.031359055674584635,74.41808395076578,False,False,1,14.0,1.0,64.73524455418048,2021-05-17,2021-05-31
2021-05-31,65.95808452763907,67.90462177321596,64.98480556419914,65.20940399169922,55935202,0,66593663.8,62.88852413227791,0.33333569424711434,0.0769221113060363,0.04493075240622799,73.3699369805647,False,False,1,14.0,1.0,64.73524455418048,2021-05-17,2021-05-31
2021-06-07,65.20941052255662,65.65860786125324,63.637196687856544,64.38587188720703,50675435,0,65636394.0,62.88852413227791,0.777780322288618,0.37037254410841597,0.031764616899767804,71.87259734623015,False,False,1,13.0,1.0,63.262860410067226,2021-05-10,2021-06-07
2021-06-14,64.90993370977856,66.1078109741211,64.61046913977844,65.1345443725586,50433924,0,61042294.2,62.88852413227791,0.19999746412720953,0.3500037335564196,0.023174910417073754,68.05436880452632,False,False,0,,,,,
2021-06-21,65.13453784919919,65.7334825662362,64.1612547367977,65.35914611816406,59544938,0,60201337.8,62.88852413227791,0.6190471212623395,0.7619069947593168,0.024504318624434515,67.90462177321596,False,False,0,,,,,
2021-06-28,65.50888280779823,66.93135854552713,64.8350729659007,66.55702209472656,43935351,0,52104970.0,62.88852413227791,0.32143036622719134,0.8214286949926423,0.03233258610962966,67.90462177321596,True,False,0,,,,,
2021-07-05,66.85649525498322,68.42869824303727,66.78162339208656,67.75489044189453,43885495,0,49695028.6,62.88852413227791,0.04545747438738593,0.590906386953381,0.024663594073713793,68.42869824303727,True,True,0,,,,,
2021-07-12,68.12923191135796,68.7281664360684,66.6318880353089,68.42870330810547,47009278,0,48961797.2,62.88852413227791,0.7142867449248483,0.857145344477344,0.03146058835399054,68.7281664360684,True,True,0,,,,,
2021-07-19,67.60516036969759,68.87790518969479,66.70675418285204,66.93135833740234,65531402,0,51981292.8,63.637196687856544,0.41379258448642087,0.10344934725358987,0.03254769375914752,68.87790518969479,False,True,0,,,,,
2021-07-26,65.58001244845562,65.58001244845562,61.28750574284162,61.44649124145508,82907106,0,56653726.4,61.28750574284162,0.9999999997670359,0.03703791501792933,0.07003885463303144,68.87790518969479,False,False,0,,,,,
2021-08-02,61.44648800396737,62.320886973902816,60.49258865788539,61.28749465942383,48280422,0,57522740.6,60.49258865788539,0.521741631113083,0.43477915728500915,0.03022350930172793,68.87790518969479,False,False,0,,,,,
2021-08-09,61.3669897419408,61.84393470692763,58.26684191851644,58.58480072021485,42101708,0,57165983.2,58.26684191851644,0.8666668733339354,0.08888749060120078,0.061391568009678606,68.87790518969479,False,False,0,,,,,
2021-08-16,58.50531995644668,60.81055423313836,57.63092098886129,60.09513473510742,37784309,0,55320989.4,57.63092098886129,0.27499994500440916,0.7749993650702948,0.05517234827526784,68.87790518969479,False,False,1,10.0,3.0,57.63092098886129,2021-08-16,2021-08-16
2021-08-23,60.7310651415305,61.36698722510369,60.01564563624274,61.04902648925781,24515141,0,47117737.2,57.63092098886129,0.52941425813837,0.7647073550969478,0.02251648840085757,65.58001244845562,False,False,1,11.0,2.0,60.49259038284886,2021-08-23,2021-08-30
2021-08-30,61.12852061325496,62.32088851928711,60.969535129454975,61.525978088378906,24815352,0,35499386.4,57.63092098886129,0.11764908045414248,0.41176716815820136,0.0221644036967098,62.32088851928711,True,False,1,11.0,2.0,60.49259038284886,2021-08-23,2021-08-30
2021-09-06,61.92342536056391,61.92342536056391,58.66430495814697,59.53870391845703,21816605,0,30206623.0,57.63092098886129,0.9999999996931688,0.2682929294030743,0.05555542513776559,62.32088851928711,False,False,0,,,,,
2021-09-13,59.53870295675922,61.92342758178711,59.22073804959796,61.92342758178711,29580159,0,27702313.2,57.63092098886129,0.11764758891342543,0.9999999996299982,0.045637552336480175,62.32088851928711,True,False,0,,,,,
2021-09-20,61.12852460398701,63.51325243458721,60.2541256123689,62.32088851928711,35192696,0,27183990.6,57.63092098886129,0.26829241052812447,0.6341462051106469,0.05408968745362038,63.51325243458721,True,True,0,,,,,
2021-09-27,62.32088505198427,62.55935418297086,60.4925908074072,61.2080078125,27215388,0,27724040.0,57.63092098886129,0.8846171096842822,0.3461533203100896,0.03416556222743933,63.51325243458721,False,True,0,,,,,
2021-10-04,61.60547067539188,62.87731426194877,60.89004008178207,62.400367736816406,23558627,0,27472695.0,57.63092098886129,0.36000598225947394,0.7599996363600146,0.032637097585498945,63.51325243458721,True,True,0,,,,,
2021-10-11,61.68495500039296,63.27477722565659,60.651576640779474,62.32088851928711,23997961,0,27908966.2,57.63092098886129,0.3939379875016139,0.6363645569061461,0.04325032802313242,63.51325243458721,True,True,0,,,,,
2021-10-18,62.71833801269531,63.35426694040797,61.68495239711502,62.24139404296875,28552183,0,27703371.0,57.63092098886129,0.6190478715429825,0.3333354086898082,0.027061941014709445,63.51325243458721,False,True,1,12.0,1.0,61.76444513611836,2021-10-18,2021-10-25
2021-10-25,62.241392473124606,63.03629431553437,61.8439378751217,62.00292205810547,18181570,0,24301145.8,58.66430495814697,0.33333538881377645,0.1333361211982935,0.01928008599324724,63.35426694040797,False,False,1,12.0,1.0,61.76444513611836,2021-10-18,2021-10-25
2021-11-01,62.08240286662365,63.751714702883326,62.08240286662365,63.592735290527344,24451105,0,23748289.2,58.66430495814697,0.0,0.9047635020566548,0.026888647332467052,63.751714702883326,True,True,0,,,,,
2021-11-08,63.672236197346685,66.69288804672007,63.43376703686338,65.97746276855469,38578908,0,26752345.4,58.66430495814697,0.07316977789070224,0.7804852054335573,0.05137832990292591,66.69288804672007,True,True,0,,,,,
2021-11-15,67.56728105766828,70.905898432346,66.69288216279833,69.07760620117188,60489009,0,34050555.0,59.22073804959796,0.20754700165358866,0.5660372249318517,0.06317040339028193,70.905898432346,False,True,0,,,,,
2021-11-22,69.07760843723969,69.95201373922413,68.20320799093882,68.83914184570312,24565402,0,33253198.8,60.2541256123689,0.4999986114285212,0.3636389318963491,0.025641106918196634,70.905898432346,False,True,0,,,,,
2021-11-29,67.72626765029563,70.34946379609114,67.64677793591147,69.79302978515625,37634298,0,37143744.4,60.4925908074072,0.02941137759512187,0.7941181326593315,0.03995291339227185,70.905898432346,True,True,1,15.0,1.0,67.64677793591147,2021-11-29,2021-11-29
2021-12-06,69.47506618513641,71.38285195764097,69.07761158003228,70.98539733886719,31006606,0,38454844.6,60.651576640779474,0.1724135186908412,0.8275864749455497,0.033371744112844645,71.38285195764097,True,True,0,,,,,
2021-12-13,71.3033549637102,71.78030812157353,69.87252319336538,70.66742706298828,37618137,0,38262690.4,60.651576640779474,0.7499963693175375,0.4166632503763601,0.02730379326507549,71.78030812157353,True,True,0,,,,,
2021-12-20,70.26997408948272,71.93927764892578,69.79302978515625,71.93927764892578,31293537,0,32423596.0,61.68495239711502,0.2222223780186177,0.9999999995340706,0.030751607579518617,71.93927764892578,True,True,1,16.0,1.0,69.79302978515625,2021-12-20,2021-12-20
2021-12-27,72.177756931491,76.31127639853216,72.09826116069128,75.27790069580078,47393427,0,36989201.0,61.8439378751217,0.01886909168208841,0.7547182611151229,0.058434352922777884,76.31127639853216,True,True,0,,,,,
2022-01-03,75.75484596790919,76.15230055102587,73.21113674597532,73.92655944824219,38741595,0,37210660.4,62.08240286662365,0.8648648595161407,0.24324476616878626,0.04017372131804882,76.31127639853216,False,True,0,,,,,
2022-01-10,74.32400768383128,74.40349738820505,72.4162244554823,73.52909851074219,41794591,0,39368257.4,63.43376703686338,0.9600006098684882,0.5600006100697734,0.027442371480123066,76.31127639853216,False,False,0,,,,,
2022-01-17,73.21114159646012,74.64197670330145,72.81368696665885,73.84706115722656,39912650,0,39827160.0,66.69288216279833,0.21739148977215836,0.5652135814644706,0.025109149292970995,76.31127639853216,False,False,1,17.0,1.0,72.89317432962206,2022-01-17,2022-02-14
2022-01-24,73.29062705436979,74.72146606445312,73.05215792913991,73.84706115722656,20997583,0,37767969.2,67.64677793591147,0.14285506674433363,0.47618723637341925,0.022850907934979584,76.31127639853216,False,False,1,17.0,1.0,72.89317432962206,2022-01-17,2022-02-14
2022-02-07,73.84706275601401,76.31128249568106,73.52909787658554,74.56248474121094,36945584,0,35678400.6,67.64677793591147,0.11428604598409317,0.3714300112082142,0.03783787234446177,76.31128249568106,False,True,0,,,,,
2022-02-14,73.8470720073736,74.95994567871094,72.81367809306741,74.95994567871094,24880311,0,32906143.8,69.07761158003228,0.4814841917835028,0.9999999995340748,0.029476159450025064,76.31128249568106,True,False,1,17.0,1.0,72.89317432962206,2022-01-17,2022-02-14
2022-02-21,74.24452234877566,75.51637588763215,72.5752178275839,73.84706115722656,42108613,0,32968948.2,69.79302978515625,0.5675670897458699,0.4324294387597002,0.04052565253052359,76.31128249568106,False,False,0,,,,,
2022-02-28,74.72146415396605,75.43688364071579,73.29062111410474,73.84706115722656,19550246,0,28896467.4,69.79302978515625,0.6666672978975913,0.2592600094179452,0.029284272584350117,76.31128249568106,False,False,0,,,,,
2022-03-07,72.81368194226003,74.16503692663585,70.50844349383776,73.13164520263672,50084718,0,34713894.4,70.50844349383776,0.6304333500998032,0.7173894927865276,0.05186036241270601,76.31128249568106,False,False,0,,,,,
2022-03-14,73.13164520263672,74.40349641852599,72.0187711279223,73.52909851074219,41810638,0,35686905.2,70.50844349383776,0.4666676193827027,0.633333905644207,0.03311255181423099,75.51637588763215,False,False,0,,,,,
2022-03-21,73.52909979612932,73.68807983398438,72.177756931491,72.73419189453125,26698535,0,36050550.0,70.50844349383776,0.8947377156981867,0.3684211910931193,0.020925046256369532,75.51637588763215,False,False,0,,,,,
2022-03-28,72.01876924119667,72.97266387939453,68.52116837660444,68.7596435546875,57868905,0,39202608.4,68.52116837660444,0.7857136689488509,0.05357192383548885,0.06496525976117226,75.43688364071579,False,False,0,,,,,
2022-04-04,68.44168495691927,69.2365942039559,67.80576286732739,68.28270721435547,32321561,0,41756871.4,67.80576286732739,0.4444423831573854,0.33333373017855233,0.02110191340826087,74.40349641852599,False,False,0,,,,,
2022-04-11,68.28270279049971,69.79303151213541,67.64677737520043,68.28270721435547,33925175,0,38524962.8,67.64677737520043,0.29629548712769765,0.29629754832617283,0.03172736707026169,74.40349641852599,False,False,1,15.0,2.0,67.64677737520043,2022-04-11,2022-04-11
2022-04-18,67.80575309115882,68.20321655273438,66.45441079820566,67.16983032226562,47758901,0,39714615.4,66.45441079820566,0.7727229217315851,0.409090330242923,0.026315871790855174,73.68807983398438,False,False,0,,,,,
2022-04-25,66.45440898991316,66.93135453017969,65.26204233829854,66.61339569091797,33815702,0,41138048.8,65.26204233829854,0.7142861932594263,0.8095270365737041,0.025578607902007763,72.97266387939453,False,False,1,14.0,2.0,65.05006945151807,2022-04-25,2022-05-09
2022-05-02,66.53389644394802,68.44168124791665,65.42102843526159,68.04422760009766,18621611,0,33288590.0,65.26204233829854,0.36841970174647054,0.8684212740298134,0.046172505765451545,69.79303151213541,False,False,1,14.0,2.0,65.05006945151807,2022-04-25,2022-05-09
2022-05-09,66.7723734686507,68.04422698845171,64.46713758099408,65.26204681396484,31155486,0,33055375.0,64.46713758099408,0.6444445817334464,0.22222235516151517,0.055487020854742115,69.79303151213541,False,False,1,14.0,2.0,65.05006945151807,2022-04-25,2022-05-09
2022-05-16,63.99019033641335,64.06968004315074,58.9027722041,59.220733642578125,72559237,0,40782187.4,58.9027722041,0.9846156134001007,0.06153805105898686,0.08771926423190263,68.44168124791665,False,False,0,,,,,
2022-05-23,59.936158176763634,61.6054643267484,59.53870486690663,61.36698913574219,35102979,0,38251003.0,58.9027722041,0.19230748298843048,0.8846139589417528,0.03471287231435601,68.44168124791665,False,False,1,11.0,3.0,59.578448369890125,2022-05-23,2022-07-04
2022-05-30,62.002920389533166,63.99018508013203,61.76444519293372,62.8773193359375,30762633,0,37640389.2,58.9027722041,0.10714423453698636,0.5000018865208137,0.0360359407456786,68.44168124791665,False,False,1,12.0,2.0,62.24139087377495,2022-05-30,2022-06-27
2022-06-06,63.59273371083502,64.62612160196426,62.638846687039766,63.91070556640625,22755037,0,38467074.4,58.9027722041,0.4799975162729311,0.6400014759783791,0.03172591802051714,68.04422698845171,False,False,1,13.0,2.0,62.638846687039766,2022-06-06,2022-06-06
2022-06-13,63.03630065917969,64.70561131302941,62.40036900838216,64.38764190673828,32105862,0,38657149.6,58.9027722041,0.27586325708133225,0.8620668176563551,0.03694276718621085,64.70561131302941,True,False,1,12.0,2.0,62.24139087377495,2022-05-30,2022-06-27
2022-06-20,63.59273693258313,64.22866928913339,62.4003731150972,63.91070556640625,28714569,0,29888216.0,58.9027722041,0.652172133687434,0.8260874096502177,0.029299442979845755,64.70561131302941,True,False,1,12.0,2.0,62.24139087377495,2022-05-30,2022-06-27
2022-06-27,64.30815792295914,65.02357840506647,62.40037617868671,63.03630065917969,31594561,0,29186532.4,58.9027722041,0.7272720815650016,0.24242297214278472,0.042038243789204836,65.02357840506647,False,True,1,12.0,2.0,62.24139087377495,2022-05-30,2022-06-27
2022-07-04,63.1952737103192,64.5466252090058,59.618191872873616,60.572078704833984,42527515,0,31539508.8,58.9027722041,0.725805056648501,0.19354767868594686,0.08266660194188076,65.02357840506647,False,False,1,11.0,3.0,59.578448369890125,2022-05-23,2022-07-04
2022-07-11,61.52597771674762,64.14917253692548,60.57207613702208,63.35426330566406,31497351,0,33287971.6,58.9027722041,0.26666924030468697,0.7777780794331794,0.0590552054341422,65.02357840506647,False,False,0,,,,,
2022-07-18,63.27477854146812,66.69288287819597,62.63885474555647,65.97746276855469,44169009,0,35700601.0,58.9027722041,0.15686220592178057,0.8235285777360853,0.06472066178480648,66.69288287819597,True,True,0,,,,,
2022-07-25,65.8979730624916,67.48779618350481,64.70560927751772,67.24932098388672,36246231,0,37206933.4,59.53870486690663,0.428570698100626,0.9142849820696103,0.042997615461922184,67.48779618350481,True,True,1,14.0,3.0,64.70560927751772,2022-07-25,2022-07-25
2022-08-01,67.93905447452535,68.37014623447736,66.38714456777875,68.19770812988281,41876924,0,39263406.0,59.618191872873616,0.7826064556706511,0.9130418756557718,0.02987026599169622,68.37014623447736,True,True,1,15.0,3.0,66.86133779976456,2022-08-01,2022-08-22
2022-08-08,68.02527888865107,70.6980050878347,67.59419347944268,69.74961853027344,26463638,0,36050630.6,59.618191872873616,0.13888903820835777,0.6944445482156583,0.0459183170709783,70.6980050878347,True,True,0,,,,,
2022-08-15,69.66340136740276,69.66340136740276,65.5249738591063,68.80123138427734,52606735,0,40272507.4,59.618191872873616,0.9999999997583623,0.7916672498941554,0.06315801845464095,70.6980050878347,False,True,0,,,,,
2022-08-22,67.93906083975264,68.62879352460753,67.33553103175035,68.11148834228516,20210859,0,35480877.4,59.618191872873616,0.46667231971001716,0.599999856348187,0.019206241831347108,70.6980050878347,False,False,1,15.0,3.0,66.86133779976456,2022-08-01,2022-08-22
2022-08-29,66.99066500224505,68.37014770507812,66.81823201624191,67.16310119628906,26940714,0,33619774.0,59.618191872873616,0.11110976397264366,0.22222159509422257,0.023225931635481735,70.6980050878347,False,False,0,,,,,
2022-09-05,67.50797942351939,68.9736650574882,67.42175455401149,68.80123138427734,23529842,0,29950357.6,59.618191872873616,0.05556046515515756,0.8888894213207202,0.02301794893531683,70.6980050878347,False,False,0,,,,,
2022-09-12,69.83583790860929,70.18070755952876,67.5079737575197,68.5425796508789,42423036,0,33142237.2,60.57207613702208,0.870967452302509,0.3870964972996621,0.039591379406077286,70.18070755952876,False,True,0,,,,,
2022-09-19,68.62879583040628,69.23231935000281,66.04227725429315,66.64580535888672,40458963,0,30712682.8,62.63885474555647,0.8108101704303416,0.18919126654035973,0.04830302994214182,70.18070755952876,False,False,0,,,,,
2022-09-26,65.78363079818276,67.50796763153126,65.438767032121,66.38715362548828,35300264,0,33730563.8,64.70560927751772,0.16666521650601426,0.45833477584495286,0.03162040932652279,70.18070755952876,False,False,0,,,,,
2022-10-03,65.69740977014676,67.1631044192059,63.88685247623077,64.49037170410156,36113822,0,35565185.4,63.88685247623077,0.5526306660406638,0.18421026166215188,0.05128209977385842,70.18070755952876,False,False,0,,,,,
2022-10-10,64.23171735789677,64.31793311260775,62.248727574531024,62.50738143920898,30230954,0,36905407.8,62.248727574531024,0.9583338851154212,0.12500153309726983,0.03324092907065452,70.18070755952876,False,False,0,,,,,
2022-10-17,61.55899026139984,62.593592486496085,59.23113449742086,59.31734848022461,48283247,0,38077450.0,59.23113449742086,0.6923077614203598,0.025640166526458136,0.056768421161422625,69.23231935000281,False,False,0,,,,,
2022-10-24,59.92086366834044,60.17951920477531,58.196525999557785,58.36895751953125,28234971,0,35632651.6,58.196525999557785,0.8695630743343559,0.08695517434594266,0.03407408210583771,67.50796763153126,False,False,0,,,,,
2022-10-31,58.62761494982056,58.97248458862305,57.07570475789242,57.50679016113281,34299139,0,35432426.6,57.07570475789242,0.8181815126704371,0.22727224110511085,0.033232701001998766,67.1631044192059,False,False,0,,,,,
2022-11-07,58.02409594391045,60.95546678981764,57.67922631741937,60.78303527832031,41451847,0,36500031.6,57.07570475789242,0.10526383191077765,0.9473690915250567,0.056801047474383894,64.31793311260775,False,False,1,10.0,4.0,57.67922631741937,2022-11-07,2022-11-07
2022-11-14,61.64520524952509,63.62820049707956,60.09329796431157,61.645206451416016,58361798,0,42126200.4,57.07570475789242,0.43902406654456855,0.43902440655137587,0.0588235735507226,63.62820049707956,False,False,0,,,,,
2022-11-21,61.73142174723664,62.33494801535783,60.00708429564196,61.21411895751953,29470420,0,38363635.0,57.07570475789242,0.7407381438396251,0.5185160330203439,0.03879314829242821,63.62820049707956,False,False,0,,,,,
2022-11-28,60.61060376682299,62.507383579344335,60.61060376682299,62.16250991821289,30404168,0,38797474.4,57.07570475789242,0.0,0.8181793903156364,0.03129452100142763,63.62820049707956,False,False,0,,,,,
2022-12-05,61.99008460554573,63.45577239990234,60.955476632243744,62.50738143920898,33765389,0,38690724.4,57.07570475789242,0.41379423437454144,0.6206884907051733,0.04101839417485561,63.62820049707956,True,True,0,,,,,
2022-12-12,62.33494991465103,63.024678961826574,60.95547308598422,62.076297760009766,51572185,0,40714792.0,57.07570475789242,0.6666696843002954,0.5416689980293049,0.0339461867991669,63.62820049707956,False,False,0,,,,,
2022-12-19,61.558990928737806,62.50737740833056,59.748433053655326,61.38655471801758,102988058,0,49640044.0,57.07570475789242,0.6562502325783067,0.5937494393435605,0.046176011882210724,63.45577239990234,False,False,0,,,,,
2022-12-26,61.3003448429516,62.852250641427325,60.869256911798345,62.3349494934082,24459594,0,48637878.8,57.07570475789242,0.2173924831403889,0.7391312231456018,0.032577919136910584,63.45577239990234,True,False,0,,,,,
2023-01-02,61.99007839890878,63.11089643006719,61.30033895865715,61.90386581420898,23923157,0,47341676.6,57.07570475789242,0.3809541816606973,0.3333375851076792,0.029535847633756204,63.45577239990234,False,True,0,,,,,
2023-01-09,62.59360156137693,64.14551170185926,62.33495425652419,63.71442413330078,27384573,0,46065513.4,57.67922631741937,0.14285506675101103,0.7619034013910528,0.029045620822229553,64.14551170185926,True,True,0,,,,,
2023-01-16,63.88684844970703,64.74901940586744,63.628201182786746,64.66280364990234,10786027,0,37908281.8,59.748433053655326,0.23076647163943925,0.9230778416046773,0.017615117231481556,64.74901940586744,True,True,0,,,,,
2023-01-30,66.12849340627832,66.30093150171137,64.4041519165039,65.61119842529297,33085868,0,23927843.8,59.748433053655326,0.9090890171494126,0.636366248121903,0.029451200407655045,66.30093150171137,True,True,0,,,,,
2023-02-06,65.43876476050342,67.42175423630303,65.35254899643405,66.90444946289062,26220203,0,24279965.6,59.748433053655326,0.04166612492879551,0.7499983258329853,0.031662196373552644,67.42175423630303,True,True,0,,,,,
2023-02-13,66.81823011001057,68.37014581330557,66.4733605100037,68.02527618408203,20620262,0,23619386.6,59.748433053655326,0.18181794176953855,0.8181820423000002,0.028534518019258,68.37014581330557,True,True,0,,,,,
2023-02-20,67.85283680240599,69.83583047580278,67.42175707722015,69.05987548828125,28545120,0,23851496.0,59.748433053655326,0.17856943590048605,0.6785702586111569,0.03580555451531638,69.83583047580278,True,True,1,15.0,4.0,67.5510819040334,2023-02-20,2023-02-27
2023-02-27,67.68040673084664,70.00826797345891,67.68040673084664,69.490966796875,14822423,0,24658775.2,59.748433053655326,0.0,0.7777783452499993,0.03439490622205303,70.00826797345891,True,True,1,15.0,4.0,67.5510819040334,2023-02-20,2023-02-27
2023-03-06,69.8358294310115,71.04286808201711,69.74961324618127,70.26691436767578,26892089,0,23420019.4,60.869256911798345,0.06666604475354375,0.3999993711681562,0.018541390778078645,71.04286808201711,True,True,0,,,,,
2023-03-13,69.40474761522981,72.42234422325517,68.97366222631534,71.73260498046875,44474213,0,27070821.4,61.30033895865715,0.12500004035512408,0.7999991752795842,0.049999983842732056,72.42234422325517,True,True,1,16.0,2.0,68.97366222631534,2023-03-13,2023-03-13
2023-03-20,71.9050430800858,75.43994140625,71.5601734586926,75.43994140625,47076556,0,32362080.2,62.33495425652419,0.08888923924469061,0.9999999997422526,0.054216860580176454,75.43994140625,True,True,0,,,,,
2023-03-27,75.43994140625,77.50915146008568,74.92264026646103,76.81941223144531,48144151,0,36281886.4,63.628201182786746,0.19999957505076268,0.7333322078505606,0.034522424522030214,77.50915146008568,True,True,0,,,,,
2023-04-03,76.81941601086284,77.85402490472482,76.64698448413974,77.42293548583984,22416360,0,37800673.8,64.4041519165039,0.14285480721239194,0.6428541976093288,0.015748048389550247,77.85402490472482,True,True,1,18.0,1.0,76.64698448413974,2023-04-03,2023-04-03
2023-04-10,77.07806987878861,78.54375415101043,74.95844372285642,75.60543823242188,105615378,0,53545331.6,65.35254899643405,0.5911973866185802,0.1804570405687641,0.04783064121984898,78.54375415101043,False,True,0,,,,,
2023-04-17,75.88271615362723,81.33592472519986,74.31145685663519,77.91612243652344,79534931,0,60557475.2,66.4733605100037,0.22368374746219966,0.5131585262858696,0.09452738737207163,81.33592472519986,False,True,1,17.0,2.0,74.31145685663519,2023-04-17,2023-04-17
2023-04-24,77.91612285167417,79.76466100557731,76.06757830644484,79.39495086669922,52403563,0,61622876.6,67.42175707722015,0.5000008642390114,0.8999994942323459,0.04860260812024072,81.33592472519986,False,True,0,,,,,
2023-05-01,80.22680129078998,83.36931624645472,80.1343684623046,82.81475830078125,86560573,0,69306161.0,67.68040673084664,0.028573205697382288,0.8285728291445265,0.04036904322308949,83.36931624645472,True,True,0,,,,,
2023-05-08,83.18446618165436,93.81359100341795,82.26019433519153,93.81359100341795,131371998,0,91097288.6,68.97366222631534,0.08000000977415722,0.9999999999134453,0.14044942102869976,93.81359100341795,True,True,0,,,,,
2023-05-15,94.27572851143084,101.66990017672197,89.28465912108699,100.7456283569336,234131814,0,116800575.8,68.97366222631534,0.40298524409180186,0.9253731262426075,0.13871633914959028,101.66990017672197,True,True,0,,,,,
2023-05-22,100.7456398730008,110.45049024969984,96.12427157107916,106.75340270996094,188803468,0,138654283.2,71.5601734586926,0.32258116431627704,0.7419355641975449,0.14903851487579914,110.45049024969984,False,True,0,,,,,
2023-05-29,107.67766872205232,114.14757846334706,104.44271730121812,109.06407928466795,286090695,0,185391709.6,74.31145685663519,0.3333330963171878,0.4761904272270765,0.09292042004275607,114.14757846334706,False,True,0,,,,,
2023-06-05,109.06408052362949,122.00389162941124,106.29126491709653,121.54175567626952,246054423,0,217290479.6,74.31145685663519,0.17647053272024235,0.9705882432916123,0.14782613344965073,122.00389162941124,True,True,0,,,,,
2023-06-12,122.00388708779978,137.7165069580078,118.3067996002907,137.7165069580078,313685396,0,253753159.2,74.31145685663519,0.19047620961934172,0.9999999999484794,0.16406248350162753,137.7165069580078,True,True,0,,,,,
2023-06-19,136.79223388671875,141.4135989953976,131.70874470677867,140.02719116210938,157747541,0,238476304.6,74.31145685663519,0.5238089133783056,0.857142849040894,0.07368420608784189,141.4135989953976,True,True,0,,,,,
2023-06-26,136.79223049541383,140.48931884765625,127.54951805950476,140.48931884765625,224044952,0,245524601.4,76.06757830644484,0.7142855277693305,0.999999999922719,0.10144923308932711,141.4135989953976,True,True,0,,,,,
2023-07-03,143.26213183061355,162.20970757895552,143.26213183061355,148.3456268310547,335939706,0,255494403.6,80.1343684623046,0.0,0.26829263372216255,0.1322580887642551,162.20970757895552,False,True,0,,,,,
2023-07-10,146.49709575946514,190.40000766851963,145.57282386192907,183.00582885742188,470226741,0,300328867.2,82.26019433519153,0.020618558183429014,0.8350514535145591,0.3079364857880322,190.40000766851963,False,True,0,,,,,
2023-07-17,178.84660790891064,209.8097088569033,177.46020009566325,208.88543701171875,477352234,0,333062234.8,89.28465912108699,0.042857151972139726,0.9714285662580627,0.1822916278896291,209.8097088569033,True,True,0,,,,,
2023-07-24,213.506806279572,246.3184583268655,213.0446703352439,244.46990966796875,605105692,0,422533865.0,96.12427157107916,0.013888888888472463,0.9444442977064509,0.15618221258061188,246.3184583268655,True,True,0,,,,,
2023-07-31,249.09127097459708,250.47767879078225,190.4000069358132,203.33981323242188,561140046,0,489952883.8,104.44271730121812,0.9769230768377817,0.21538461622865032,0.31553397933912175,250.47767879078225,False,True,0,,,,,
2023-08-07,208.8854473523857,230.1436876296997,194.5592193603516,206.57476806640625,591802254,0,541125393.4,106.29126491709653,0.4025977817960512,0.33766273012057324,0.18289787750051403,250.47767879078225,False,False,0,,,,,
2023-08-14,210.73398018681357,259.25824937732943,206.5747568936528,236.6136016845703,699126789,0,586905403.0,118.3067996002907,0.07894737226030558,0.5701756541606373,0.25503354463848515,259.25824937732943,False,True,0,,,,,
2023-08-21,241.69709625548705,260.6446700613839,222.7495081541968,225.52232360839844,549891750,0,601413306.2,127.54951805950476,0.5000001886044638,0.07317069817301869,0.17012455929098766,260.6446700613839,False,True,0,,,,,
2023-08-28,226.44661847282856,235.68932610589104,212.12040383475167,222.28738403320312,332644860,0,546921139.8,127.54951805950476,0.6078434335120954,0.4313722995501478,0.11111105695135852,260.6446700613839,False,False,0,,,,,
2023-09-04,222.2873848395619,234.7650451660156,219.97670516347495,223.67379760742188,199655421,0,474624214.8,143.26213183061355,0.15625010484839552,0.25000050330610224,0.06722684564023958,260.6446700613839,False,False,1,25.0,1.0,219.97670516347495,2023-09-04,2023-09-04
2023-09-11,222.74951212029708,224.13591987208315,202.4155317607679,215.35533142089844,280620580,0,412387880.0,145.57282386192907,0.936170212722857,0.5957444035170716,0.10730593607252915,260.6446700613839,False,False,1,23.0,1.0,202.4155317607679,2023-09-11,2023-09-11
2023-09-18,209.80970541278967,212.120390030012,195.0213528289098,210.2718505859375,242859405,0,321134403.2,177.46020009566325,0.8648646358908293,0.8918921911669249,0.08767776939797624,260.6446700613839,False,False,1,22.0,1.0,195.0213528289098,2023-09-18,2023-09-18
2023-09-25,210.27184477949564,225.52233682843487,204.7262115478516,221.3631134033203,208951877,0,252946428.6,190.4000069358132,0.26666665816613305,0.8000000783897036,0.10158017931973957,235.68932610589104,False,False,0,,,,,
2023-10-02,226.44660545004373,239.38641147576053,221.36311492615357,235.2271881103516,292009219,0,244819300.4,190.4000069358132,0.2820510947936975,0.7692307090031836,0.08141960125352447,239.38641147576053,True,True,0,,,,,
2023-10-09,242.15924097910647,242.15924097910647,205.1883496309804,208.88543701171875,224077207,0,249703657.6,194.5592193603516,0.9999999999729517,0.09999995255255681,0.18018026566535542,242.15924097910647,False,True,0,,,,,
2023-10-16,204.7262115478516,209.8097066427192,183.9301003453784,189.0135955810547,311021928,0,255783927.2,183.9301003453784,0.8035713898710461,0.19642861553122618,0.14070348599062435,242.15924097910647,False,False,0,,,,,
2023-10-23,186.2407696122243,197.79417075114125,184.8543618979894,187.62718200683597,219203848,0,251052815.8,183.9301003453784,0.10714282798621601,0.21428601767613262,0.07000001904322166,242.15924097910647,False,False,1,21.0,1.0,185.20096902943726,2023-10-23,2023-12-18
2023-10-30,188.5514653770669,192.24855293348,173.76311872392424,184.8543701171875,228304373,0,254923315.0,173.76311872392424,0.7999999613045636,0.5999995059315302,0.10638295597594065,242.15924097910647,False,False,1,19.0,1.0,173.76311872392424,2023-10-30,2023-10-30
2023-11-06,188.5514584283759,203.8019399243732,186.70291471829375,197.33204650878903,203175011,0,237156473.4,173.76311872392424,0.10810813410093084,0.6216220902519372,0.09158413639009157,242.15924097910647,False,False,1,21.0,1.0,185.20096902943726,2023-10-23,2023-12-18
2023-11-13,195.02136860078977,201.4912678841769,189.4757416722872,192.710693359375,213864299,0,235113891.8,173.76311872392424,0.46153841540069074,0.2692309624873105,0.06341458862110197,209.8097066427192,False,False,0,,,,,
2023-11-20,194.09710434247864,202.4155368147225,184.85437341638516,188.08932495117188,185426612,0,209994828.6,173.76311872392424,0.5263165495312379,0.18421054808412,0.09499998876783804,203.8019399243732,False,False,0,,,,,
2023-11-27,187.6271822009681,187.6271822009681,178.3844638659451,184.8543701171875,205175044,0,207189067.8,173.76311872392424,0.9999999998918068,0.7000003695910859,0.05181347150229987,203.8019399243732,False,False,0,,,,,
2023-12-04,186.70292474287973,190.8621334207469,177.92233726305838,187.62718200683597,134395654,0,188407324.0,173.76311872392424,0.678572318461568,0.7499998164392417,0.07272721546190276,203.8019399243732,False,False,1,20.0,1.0,177.92233726305838,2023-12-04,2023-12-04
2023-12-11,192.24853994332108,192.24853994332108,185.31650482481396,187.16505432128903,127420338,0,173256389.4,173.76311872392424,0.9999999998557422,0.2666676473223796,0.037406463741709355,202.4155368147225,False,False,1,21.0,1.0,185.20096902943726,2023-10-23,2023-12-18
2023-12-18,187.16504609056292,202.4155321697856,183.930094676652,198.71844482421875,254060037,0,181295537.0,173.76311872392424,0.17499999201736732,0.8000000082367472,0.10050251714125616,202.4155368147225,True,False,1,21.0,1.0,185.20096902943726,2023-10-23,2023-12-18
2023-12-25,199.6427237030525,209.34758247086623,197.3320509592692,207.49903869628903,132359467,0,170682108.0,173.76311872392424,0.19230716022514696,0.8461538073751304,0.060889913489097815,209.34758247086623,True,True,0,,,,,
2024-01-01,207.49902853564683,207.96116445666163,193.1728149841879,199.1805877685547,121706327,0,153988364.6,173.76311872392424,0.9687499999344922,0.40625039292877735,0.07655502392304873,209.34758247086623,False,True,0,,,,,
2024-01-08,200.5669897204248,216.74175701719344,197.79416943471367,213.50680541992188,169225378,0,160954309.4,177.92233726305838,0.1463416001374619,0.8292684182606926,0.09579446975881686,216.74175701719344,True,True,0,,,,,
2024-01-15,216.74175496554005,222.74951292673748,203.80193971242107,221.8252410888672,230174551,0,181505152.0,177.92233726305838,0.6829273124359264,0.9512195135299357,0.09297052442660654,222.74951292673748,True,True,0,,,,,
2024-01-22,233.37864561664043,240.31068459535257,222.7495257164821,223.67379760742188,222956619,0,175284468.4,177.92233726305838,0.6052630109930833,0.05263160007049499,0.07883814262816274,240.31068459535257,False,True,0,,,,,
2024-01-29,223.67380077727216,234.7650616913445,222.74952887323383,233.84078979492188,170546393,0,182921853.6,177.92233726305838,0.07692308930056627,0.9230769112500302,0.05394190002931381,240.31068459535257,False,True,0,,,,,
2024-02-05,234.3029080559226,237.07572353587432,232.45436440262145,235.68931579589844,37787922,0,166138172.6,177.92233726305838,0.3999999999134429,0.6999999998485251,0.01988071570567969,240.31068459535257,True,True,0,,,,,
2024-02-12,250.4776898181908,252.32623365448745,229.6815643310547,229.6815643310547,148704723,0,162034041.6,183.930094676652,0.9183673733180934,0.0,0.09859158434977815,252.32623365448745,False,True,0,,,,,
2024-02-19,229.68155769679856,231.067965489737,217.6660226401636,222.74952697753903,183087371,0,152616605.6,183.930094676652,0.8965517306411204,0.3793109994613913,0.06157112941631394,252.32623365448745,False,False,0,,,,,
2024-02-26,221.82525508136672,224.59807076988375,210.7339885317046,219.05242919921875,104516380,0,128928557.8,193.1728149841879,0.8000000546966463,0.5999993742107709,0.06578949288015555,252.32623365448745,False,False,1,24.0,1.0,210.7339885317046,2024-02-26,2024-02-26
2024-03-04,222.74951414483365,229.6815589698585,218.5902908516728,223.21165466308597,121727165,0,119164712.2,193.1728149841879,0.374999796999428,0.4166668555617308,0.05073998517921858,252.32623365448745,False,False,0,,,,,
2024-03-11,225.06020365927165,238.9242718446602,221.3631067961165,238.0,220081513,0,155623430.4,197.79416943471367,0.21052685586206035,0.9473684209986839,0.07933194154452684,252.32623365448745,False,True,0,,,,,
2024-03-18,244.93203406240428,247.24271362903076,229.2194201611132,238.0,221684121,0,170219310.0,203.80193971242107,0.8717948208738096,0.48717954096622423,0.07862899860391746,247.24271362903076,False,True,0,,,,,
2024-03-25,238.4621312758502,275.4330206799466,231.99223300970877,264.80389404296875,286593152,0,190920466.2,210.7339885317046,0.14893602563346595,0.755319200968002,0.187251043306405,275.4330206799466,False,True,0,,,,,
2024-04-01,272.1980743138136,276.3572857747942,260.1825396242395,271.2738037109375,200150103,0,210047210.8,210.7339885317046,0.7428576978575445,0.6857148781671554,0.062166916249846806,276.3572857747942,True,True,0,,,,,
2024-04-08,272.1980781882337,274.04662201294155,258.6602478027344,258.6602478027344,195352830,0,224772343.8,210.7339885317046,0.8798583863662037,0.0,0.059484881580574446,276.3572857747942,False,False,0,,,,,
2024-04-15,256.2740791583883,260.56917545713225,226.20841307077347,230.5035095214844,186345922,0,218025225.6,210.7339885317046,0.8749999708585019,0.12500003353508488,0.15189869342063983,276.3572857747942,False,False,0,,,,,
2024-04-22,227.162872181768,256.75132096670205,219.5271453857422,245.77496337890625,180973502,0,209883101.8,210.7339885317046,0.20512816406675094,0.70512825557068,0.16956525132863104,276.3572857747942,False,False,1,25.0,2.0,219.5271453857422,2024-04-22,2024-04-22
2024-04-29,248.638353366013,253.88792136863427,239.57092688549525,244.82049560546875,75017716,0,167568014.6,210.7339885317046,0.6333330986865324,0.36666695134856664,0.059760984645362114,276.3572857747942,False,False,0,,,,,
2024-05-06,250.07005310058597,265.3415156018756,248.63836369889503,258.1830139160156,168845598,0,161307113.6,218.5902908516728,0.08571372696130146,0.5714280916553236,0.0671784983396253,274.04662201294155,False,False,0,,,,,
2024-05-13,259.61472030111565,281.5674285357007,257.2285555924657,272.97723388671875,256042303,0,173445008.2,219.5271453857422,0.09803924422125583,0.647058651003943,0.0946196385042924,281.5674285357007,False,True,0,,,,,
2024-05-20,274.4089248332571,279.6584908928669,266.7731982292013,273.4544677734375,116084995,0,159392822.8,219.5271453857422,0.5925924076986412,0.518519037022556,0.048300551738884805,281.5674285357007,False,True,0,,,,,
2024-05-27,276.7951115310903,283.4763602545868,261.5236511230469,261.5236511230469,153478602,0,153893842.8,219.5271453857422,0.6956526557083086,0.0,0.08394158248091763,283.4763602545868,False,True,0,,,,,
2024-06-03,266.29596627834627,275.36339165341536,258.6602516034584,260.5691833496094,114465315,0,161783362.6,219.5271453857422,0.4571424685174933,0.11428580137191721,0.06457559654546113,283.4763602545868,False,False,0,,,,,
2024-06-10,263.9098167766856,278.7040376909424,260.56918618457564,277.2723388671875,96557718,0,147325786.6,219.5271453857422,0.18421052914345196,0.9210526303910828,0.06959706852463841,283.4763602545868,False,False,0,,,,,
2024-06-17,277.2723350591015,316.40542311234907,271.5455398427345,304.95184326171875,270808404,0,150279006.8,219.5271453857422,0.12765961029859263,0.7446810152728824,0.16520206259115852,316.40542311234907,False,True,0,,,,,
2024-06-24,298.74781608581543,302.5656795501709,280.13573353251473,297.7933349609375,148366840,0,156735375.8,219.5271453857422,0.8297872200771258,0.7872333448210714,0.08006813602368476,316.40542311234907,False,True,0,,,,,
2024-07-01,298.74782479408304,301.6111982296675,290.6348609613167,297.7933349609375,77189763,0,141477608.0,239.57092688549525,0.739132156172002,0.6521732909583059,0.03776676078020099,316.40542311234907,False,False,1,33.0,1.0,290.6348609613167,2024-07-01,2024-07-01
2024-07-08,297.793349288439,329.2907334492703,295.40718463067907,311.1558837890625,173965849,0,153377714.8,248.63836369889503,0.07042251301552778,0.4647889523684615,0.1147011670039037,329.2907334492703,False,True,0,,,,,
2024-07-15,314.97374165537923,317.3599063648897,282.0446501452513,283.4763488769531,118725353,0,157811241.8,257.2285555924657,0.932432467837626,0.040540516618569444,0.12521157980243924,329.2907334492703,False,True,0,,,,,
2024-07-22,282.5218963623047,284.90806102752686,259.61472123579546,262.4781188964844,77830627,0,119215686.4,258.6602516034584,0.905660356213303,0.11320757496452796,0.09742644666386718,329.2907334492703,False,False,1,30.0,1.0,259.61472123579546,2024-07-22,2024-07-22
2024-07-29,265.34150684497973,277.74956895240865,249.59282121640695,253.88792419433597,176018294,0,124745977.2,249.59282121640695,0.5593218995202675,0.1525425811974969,0.11281072748272623,329.2907334492703,False,False,0,,,,,
2024-08-05,233.84413621619748,248.63836209106444,222.39054499946627,238.6164703369141,256228935,0,160553811.6,222.39054499946627,0.4363635717334034,0.6181818960489289,0.11802577799134012,329.2907334492703,False,False,0,,,,,
2024-08-12,248.1611307551352,268.6821538353309,244.82050014881605,265.8187561035156,149655443,0,155691730.4,222.39054499946627,0.13999996186630853,0.8800000297417153,0.0974659134831964,317.3599063648897,False,False,1,28.0,1.0,244.82050014881605,2024-08-12,2024-08-12
2024-08-19,267.72768698493354,275.84062753596777,258.66025720126385,263.4325866699219,96649030,0,151276465.8,222.39054499946627,0.5277784824478394,0.27777803245255217,0.06642060330617176,284.90806102752686,False,False,0,,,,,
2024-08-26,265.81874950062144,270.11384599165484,254.3651533126831,255.79684448242188,91713915,0,154053123.4,222.39054499946627,0.7272728232549959,0.0909085724657965,0.06191371920960592,277.74956895240865,False,False,0,,,,,
2024-09-02,258.18302257409255,260.569187292892,235.7530670166016,244.82049560546875,121684367,0,143186338.0,222.39054499946627,0.9038461817102373,0.3653846164327663,0.10526319165314459,275.84062753596777,False,False,0,,,,,
2024-09-09,238.6164703369141,245.77495469406188,227.16287518144895,242.91156005859372,159936736,0,123927898.2,222.39054499946627,0.6153850324509923,0.8461539649895725,0.0819327519853954,275.84062753596777,False,False,0,,,,,
2024-09-16,243.38879202294532,247.68388538927127,236.70752918107704,241.00262451171875,65570961,0,107111001.8,222.39054499946627,0.6086958836368482,0.39130429523086835,0.04637096355203448,275.84062753596777,False,False,1,27.0,1.0,236.70752918107704,2024-09-16,2024-09-16
2024-09-23,243.38879774516656,270.11384984646463,241.95709799604808,264.3870544433594,132139914,0,114209178.6,222.39054499946627,0.05084747547137441,0.7966102256991285,0.1163708445980786,270.11384984646463,False,True,0,,,,,
2024-09-30,259.6147155761719,260.56918144226074,249.59282017482144,250.07005310058597,71211969,0,110108789.4,222.39054499946627,0.913043508340667,0.04347824512087892,0.04397707137451787,270.11384984646463,False,False,0,,,,,
2024-10-07,255.3196258544922,271.0682944439827,250.54729267702265,269.15936279296875,102452235,0,106262363.0,222.39054499946627,0.2325584896601243,0.9069766830294594,0.08190470368934111,271.0682944439827,True,True,0,,,,,
2024-10-14,269.6365986173115,301.6112195738752,265.8187352740576,293.0210266113281,178127551,0,109900526.0,227.16287518144895,0.10666662060019981,0.760000091322221,0.1346499683808258,301.6112195738752,False,True,0,,,,,
2024-10-21,296.83889395210736,307.815239885384,289.6803922559394,295.8844299316406,140283676,0,124843069.0,227.16287518144895,0.3947373499929672,0.34210586171597807,0.06260295178473606,307.815239885384,False,True,0,,,,,
2024-10-28,298.7478276406565,299.70229354366177,276.31787004314486,291.1120910644531,79761234,0,114367333.0,227.16287518144895,0.9591836889225281,0.6326528007136284,0.0846287049649774,307.815239885384,False,False,1,32.0,1.0,276.63602917643925,2024-10-28,2024-12-02
2024-11-04,292.54377583529583,317.83714889898533,292.0665429220245,313.0648193359375,139595803,0,128044099.8,227.16287518144895,0.018518497922767857,0.8148150040348622,0.08823539224673468,317.83714889898533,True,True,0,,,,,
2024-11-11,313.0648137019231,313.0648137019231,281.56741723468406,283.4763488769531,185172007,0,144588054.2,227.16287518144895,0.9999999999682514,0.06060601371271984,0.1118644933297603,317.83714889898533,False,True,0,,,,,
2024-11-18,281.567435338452,287.2942121614912,274.88617322198274,283.4763488769531,124289765,0,133820497.0,236.70752918107704,0.5384623749573343,0.6923072772544322,0.04513882526002237,317.83714889898533,False,False,1,32.0,1.0,276.63602917643925,2024-10-28,2024-12-02
2024-11-25,287.77144900931165,290.1576135947952,271.0683059692383,277.74957275390625,89912332,0,123746228.2,241.95709799604808,0.8749999406388154,0.35000047751197855,0.07042249944061256,317.83714889898533,False,False,0,,,,,
2024-12-02,281.5674400980562,286.8170025405623,278.70404426419003,283.4763488769531,65472926,0,120888566.6,249.59282017482144,0.3529410279173252,0.588232362302841,0.029109582165419624,317.83714889898533,False,False,1,32.0,1.0,276.63602917643925,2024-10-28,2024-12-02
2024-12-09,285.86254233282966,286.8170082504685,272.0227670753065,272.5,75246550,0,108018716.0,250.54729267702265,0.9354839557315864,0.032258019793707016,0.054386040308942306,313.0648137019231,False,False,0,,,,,
2024-12-16,273.93170953924005,274.40894248268825,256.7513226507357,264.8642883300781,102695189,0,91523352.4,256.7513226507357,0.9729729743327246,0.45945975483071977,0.06877323804833452,290.1576135947952,False,False,0,,,,,
2024-12-23,272.0227737162765,282.5219040962115,271.54554077993214,277.74957275390625,78471436,0,82359686.6,256.7513226507357,0.043478237969135886,0.5652174399336373,0.04042181390536791,290.1576135947952,False,False,0,,,,,
2024-12-30,276.7951011657715,280.1357336341304,266.7732114164887,275.84063720703125,64555060,0,77288232.2,256.7513226507357,0.7499998567112947,0.6785714285206431,0.05008944543809505,286.8170082504685,False,False,1,31.0,1.0,268.44352147585346,2024-12-30,2025-01-06
2025-01-06,280.1357431217116,285.3853084351206,270.11383153521825,270.591064453125,100501765,0,84294000.0,256.7513226507357,0.6562503189132401,0.03124995185492173,0.05653718957318425,286.8170082504685,False,False,1,31.0,1.0,268.44352147585346,2024-12-30,2025-01-06
2025-01-13,267.2504395433803,268.2049053988924,247.20665267973624,248.6383514404297,153983382,0,100041366.4,247.20665267973624,0.9545454629376909,0.06818180444695611,0.08494210204882746,285.3853084351206,False,False,0,,,,,
2025-01-20,248.1611307551352,259.13747783936907,247.6838978113753,257.2285461425781,58052744,0,91112877.4,247.20665267973624,0.041666705305400224,0.8333331855228983,0.04624273167999827,285.3853084351206,False,False,1,28.0,2.0,247.6838978113753,2025-01-20,2025-01-20
2025-02-03,231.93521118164065,240.525390625,224.2994842529297,240.525390625,201986602,0,115815910.6,224.2994842529297,0.47058862248729416,0.9999999999383702,0.0723403641610738,285.3853084351206,False,False,0,,,,,
2025-02-10,241.95708937872024,250.07006460336535,237.66199311755952,248.1611328125,98577454,0,122620389.4,224.2994842529297,0.3461534103609838,0.8461540301492281,0.05220890106570794,285.3853084351206,False,False,1,27.0,2.0,237.42338155738477,2025-02-10,2025-03-17
2025-02-17,248.16111852019856,258.6602449151713,248.16111852019856,257.7057800292969,65659874,0,115652011.2,224.2994842529297,0.0,0.9090910185403112,0.04230770097079439,268.2049053988924,False,False,0,,,,,
2025-02-24,252.93345642089844,253.88792229418485,235.753076171875,239.0937042236328,103647895,0,105584913.8,224.2994842529297,0.9473684051247849,0.18421044375247828,0.07692305193511784,259.13747783936907,False,False,0,,,,,
2025-03-03,237.6620053959464,252.4562148022789,234.798607595654,246.252197265625,105350611,0,115044487.2,224.2994842529297,0.16216227751719,0.648649023352672,0.07520320238422289,258.6602449151713,False,False,1,27.0,2.0,237.42338155738477,2025-02-10,2025-03-17
2025-03-10,248.63835240506577,253.41069039650336,236.70753200208745,244.82049560546875,96676082,0,93982383.2,224.2994842529297,0.7142852938670974,0.48571434283996623,0.07056454120014248,258.6602449151713,False,False,1,27.0,2.0,237.42338155738477,2025-02-10,2025-03-17
2025-03-17,248.16112323835785,250.07006365531672,240.52539351423812,244.34326171875,64990689,0,87265030.2,224.2994842529297,0.7999993305642776,0.4000000154725559,0.03968258819405657,258.6602449151713,False,False,1,27.0,2.0,237.42338155738477,2025-02-10,2025-03-17
2025-03-24,244.82049759308657,245.2977305318645,227.1628780127561,230.0262756347656,87632697,0,91659594.8,224.2994842529297,0.9736842116996127,0.1578947288837608,0.07983193679211185,253.88792229418485,False,False,1,26.0,1.0,227.1628780127561,2025-03-24,2025-03-24
2025-03-31,217.618218436804,226.20841220315432,213.80035495545656,222.3905487060547,66488044,0,84227624.6,213.80035495545656,0.3076922845232787,0.6923077141266153,0.05803571865081723,253.41069039650336,False,False,0,,,,,
2025-04-07,200.43783569335935,205.68739318847656,166.07706534762343,205.68739318847656,216305223,0,106418547.0,166.07706534762343,0.8674699811353135,0.9999999999747542,0.23850570671937427,253.41069039650336,False,False,0,,,,,
2025-04-14,214.7548273990029,225.25395229406524,212.84589375903428,220.0043792724609,144006943,0,115884719.2,166.07706534762343,0.1538462793696032,0.5769222874504953,0.05829597327830057,250.07006365531672,False,False,1,24.0,2.0,212.60727400719998,2025-04-14,2025-04-21
2025-04-21,218.5726833343506,228.1173478146817,212.36865425536564,224.2994842529297,92431903,0,121372962.0,166.07706534762343,0.39393928488252583,0.7575758555381157,0.07415733557507342,245.2977305318645,False,False,1,24.0,2.0,212.60727400719998,2025-04-14,2025-04-21
2025-04-28,229.07180225605867,239.5709381103516,227.1628732741254,239.5709381103516,88501987,0,121546820.0,166.07706534762343,0.15384582583790105,0.9999999999194072,0.05462188718311524,239.5709381103516,True,False,0,,,,,
2025-05-05,239.57092947505308,245.2977285403722,233.84413351224163,244.82049560546875,103155944,0,128880400.0,166.07706534762343,0.499999864518186,0.9583333499491061,0.048979612428387026,245.2977285403722,True,True,0,,,,,
2025-05-12,248.16112997914647,265.8187542339703,244.3432664410058,262.4781188964844,151902095,0,115999774.4,166.07706534762343,0.17777773314251077,0.8444442626618806,0.08789064706254823,265.8187542339703,True,True,0,,,,,
2025-05-19,260.5691853573448,261.52365123777463,251.02452278137207,251.9789886474609,62979149,0,99794215.6,166.07706534762343,0.9090909416622218,0.09090905687660951,0.04182511071041801,265.8187542339703,False,True,0,,,,,
2025-05-26,251.97899149231992,263.4325780710463,251.5017585538875,259.1374816894531,60777666,0,93463368.2,166.07706534762343,0.04000001321837702,0.6399998863400791,0.04743831449017493,265.8187542339703,False,True,1,29.0,1.0,251.5017585538875,2025-05-26,2025-05-26
2025-06-02,257.7057819436837,273.4544580164854,256.751316084633,263.4325866699219,92920324,0,94347035.6,166.07706534762343,0.05714289340818005,0.40000082691914957,0.06505572079046892,273.4544580164854,False,True,1,30.0,2.0,258.45512161200975,2025-06-02,2025-09-08
2025-06-09,265.34151845738506,274.408935546875,262.0008878293245,274.408935546875,72285270,0,88172900.8,166.07706534762343,0.26923096234278715,0.9999999999194071,0.04735880027088361,274.408935546875,True,True,0,,,,,
2025-06-16,272.97723388671875,274.40892681216184,266.2959899902344,266.7732238769531,67018043,0,71196090.4,212.36865425536564,0.8235296344972057,0.05882381400654683,0.030465861773564504,274.408935546875,False,True,0,,,,,
2025-06-23,262.47810201441985,282.5219002559267,260.569170363406,272.5,110566192,0,80713499.0,212.36865425536564,0.08695645873077834,0.5434781776327215,0.08424914529151638,282.5219002559267,False,True,1,30.0,2.0,258.45512161200975,2025-06-02,2025-09-08
2025-06-30,275.0,284.0,271.5,278.0,94563128,0,87470591.4,227.1628732741254,0.2799999999776,0.5199999999584,0.04604051565360574,284.0,False,True,1,31.0,2.0,271.5,2025-06-30,2025-06-30
2025-07-07,277.5,279.0,270.5,273.0,50561024,0,78998731.4,233.84413351224163,0.82352941166782,0.29411764702422144,0.031423290203211,284.0,False,False,0,,,,,
2025-07-14,271.5,276.0,268.0,273.5,71485672,0,78838811.8,244.3432664410058,0.4374999999453125,0.6874999999140625,0.029850746268545333,284.0,False,False,0,,,,,
2025-07-21,274.5,274.5,261.5,268.5,75569383,0,80549079.8,251.02452278137207,0.9999999999230769,0.5384615384201183,0.04971319311644469,284.0,False,False,0,,,,,
2025-07-28,269.0,285.0,265.0,281.5,84372681,0,75310377.6,251.5017585538875,0.19999999999,0.82499999995875,0.07547169811292276,285.0,True,True,0,,,,,
2025-08-04,281.5,294.0,279.5,290.5,93556986,0,75109149.2,256.751316084633,0.13793103447324614,0.7586206896028538,0.05187835420374999,294.0,True,True,0,,,,,
2025-08-11,288.5,291.5,267.5,270.5,148464533,0,94689851.0,260.569170363406,0.8749999999635417,0.12499999999479167,0.08971962616788891,294.0,False,True,0,,,,,
2025-08-18,270.5,271.5,256.5,258.5,110718997,0,102536516.0,256.5,0.9333333332711111,0.13333333332444444,0.0584795321635147,294.0,False,False,0,,,,,
2025-08-25,263.0,269.0,260.5,262.5,85343841,0,104491407.6,256.5,0.29411764702422144,0.23529411761937716,0.03262955854114154,294.0,False,False,1,30.0,2.0,258.45512161200975,2025-06-02,2025-09-08
2025-09-01,260.5,262.0,252.5,258.5,65860716,0,100789014.6,252.5,0.842105263069252,0.6315789473019391,0.037623762376088624,294.0,False,False,1,29.0,2.0,252.5,2025-09-01,2025-09-01
2025-09-08,260.0,276.5,256.0,274.0,112153558,0,104508329.0,252.5,0.19512195120999404,0.8780487804449733,0.0800781249996872,291.5,False,False,1,30.0,2.0,258.45512161200975,2025-06-02,2025-09-08
2025-09-15,275.0,285.0,272.5,281.0,97235701,0,94262562.6,252.5,0.199999999984,0.6799999999456,0.04587155963285919,285.0,True,False,0,,,,,
2025-09-22,281.5,289.0,279.0,285.0,127727418,0,97664246.8,252.5,0.249999999975,0.59999999994,0.03584229390668157,289.0,True,True,1,32.0,2.0,279.0,2025-09-22,2025-09-22
2025-09-29,288.0,300.0,285.5,300.0,145620562,0,109719591.0,252.5,0.17241379309155766,0.9999999999310345,0.050788091068123334,300.0,True,True,0,,,,,
2025-10-06,310.5,314.0,298.0,298.0,98552731,0,116257994.0,252.5,0.7812499999511718,0.0,0.053691275167605065,314.0,False,True,0,,,,,
2025-10-13,289.5,299.0,281.5,288.5,103666485,0,114560579.4,252.5,0.4571428571167347,0.39999999997714286,0.06216696269960154,314.0,False,False,0,,,,,
2025-10-20,291.0,303.0,287.0,293.5,84221156,0,111957670.4,252.5,0.249999999984375,0.40624999997460937,0.05574912891966638,314.0,False,True,0,,,,,
2025-10-27,303.5,310.0,300.5,300.5,109181933,0,108248573.4,252.5,0.31578947365096954,0.0,0.03161397670538565,314.0,False,True,0,,,,,
2025-11-03,300.0,302.5,280.0,287.0,74316886,0,93987838.2,252.5,0.8888888888493827,0.31111111109728395,0.08035714285685587,314.0,False,False,0,,,,,
2025-11-10,288.0,297.5,278.0,279.5,81694572,0,90616206.4,256.0,0.5128205127942144,0.07692307691913215,0.07014388489183401,310.0,False,False,0,,,,,
2025-11-17,281.0,282.5,266.5,270.0,69633949,0,83809699.2,266.5,0.9062499999433594,0.21874999998632813,0.06003752345193232,310.0,False,False,0,,,,,
2025-11-24,272.0,284.0,270.0,282.0,52709142,0,77507296.4,266.5,0.14285714284693876,0.8571428570816326,0.05185185185165981,310.0,False,False,1,31.0,3.0,270.1666666666667,2025-11-24,2026-02-02
2025-12-01,283.0,301.0,282.0,297.5,79985600,0,71668029.8,266.5,0.052631578944598335,0.8157894736412742,0.06737588652458378,302.5,True,False,0,,,,,
2025-12-08,297.5,301.5,285.5,286.5,52994730,0,67403598.6,266.5,0.749999999953125,0.06249999999609375,0.05604203152344644,301.5,False,False,0,,,,,
2025-12-15,282.5,285.5,260.0,265.0,132572209,0,77579126.0,260.0,0.8823529411418685,0.19607843136485967,0.09807692307654586,301.5,False,False,0,,,,,
2025-12-22,267.5,268.5,261.0,263.0,66439635,0,76940263.2,260.0,0.8666666665511111,0.2666666666311111,0.02873563218379795,301.5,False,False,1,30.0,3.0,260.75,2025-12-22,2025-12-29
2025-12-29,262.0,280.0,260.5,277.0,72903428,0,80979120.4,260.0,0.07692307691913215,0.8461538461104536,0.07485604606497176,301.5,False,False,1,30.0,3.0,260.75,2025-12-22,2025-12-29
2026-01-05,277.5,287.5,272.0,283.0,141120651,0,93206130.6,260.0,0.3548387096545265,0.709677419309053,0.05698529411743756,301.5,False,False,1,31.0,3.0,270.1666666666667,2025-11-24,2026-02-02
2026-01-12,285.5,290.0,277.0,289.5,104225029,0,103452190.4,260.0,0.653846153795858,0.9615384614644971,0.04693140794206884,290.0,True,False,0,,,,,
2026-01-19,288.5,288.5,273.5,280.0,72058153,0,91349379.2,260.0,0.9999999999333333,0.43333333330444446,0.05484460694678302,290.0,False,False,0,,,,,
2026-01-26,283.0,292.0,276.5,280.0,72206039,0,92502660.0,260.0,0.41935483868262224,0.22580645159833507,0.05605786618424572,292.0,False,True,0,,,,,
2026-02-02,279.5,281.5,268.5,279.5,69277923,0,91777559.0,260.0,0.8461538460887574,0.8461538460887574,0.048417132215834574,292.0,False,False,1,31.0,3.0,270.1666666666667,2025-11-24,2026-02-02
2026-02-09,284.0,287.0,281.0,286.0,43753525,0,72304133.8,260.0,0.49999999991666666,0.8333333331944445,0.0213523131671838,292.0,False,False,1,32.0,3.0,281.0,2026-02-09,2026-02-09
2026-02-23,288.0,302.0,282.0,291.5,106629829,0,72785093.8,260.0,0.299999999985,0.47499999997625,0.07092198581535135,302.0,False,True,0,,,,,
2026-03-02,291.5,302.0,281.0,289.0,129335452,0,84240553.6,260.5,0.4999999999761905,0.3809523809342404,0.07473309608514331,302.0,False,True,0,,,,,
2026-03-09,272.5,290.5,272.0,289.0,76269398,0,85053225.4,260.5,0.027027027025566107,0.9189189188692476,0.06801470588210289,302.0,False,False,0,,,,,
